Offer,Title,Validity,Image,Link,Credit Card
"Get 10% discount upto INR 1,000/- on all live event tickets using HSBC Credit CardsAvailable ForWEBMOBILE",HSBC Credit Cards - Live Events Offer,31-12-2024 23:59,https://in.bmscdn.com/offers/tnclogo/hsbc-saturday-offer-hsbc0815.jpg?28102024124123,https://in.bookmyshow.com/offers/hsbc-credit-card-offer---live-events/HSBCLIVE24,HSBC Cashback Credit Card
"Get 10% discount upto INR 1,000/- on all live event tickets using HSBC Credit CardsAvailable ForWEBMOBILE",HSBC Credit Cards - Live Events Offer,31-12-2024 23:59,https://in.bmscdn.com/offers/tnclogo/hsbc-saturday-offer-hsbc0815.jpg?28102024124123,https://in.bookmyshow.com/offers/hsbc-credit-card-offer---live-events/HSBCLIVE24,HSBC Visa Platinum Credit Card
"Get 10% discount upto INR 1,000/- on all live event tickets using HSBC Credit CardsAvailable ForWEBMOBILE",HSBC Credit Cards - Live Events Offer,31-12-2024 23:59,https://in.bmscdn.com/offers/tnclogo/hsbc-saturday-offer-hsbc0815.jpg?28102024124123,https://in.bookmyshow.com/offers/hsbc-credit-card-offer---live-events/HSBCLIVE24,HSBC Smart Value Credit Card
"Get 10% discount upto INR 1,000/- on all live event tickets using HSBC Credit CardsAvailable ForWEBMOBILE",HSBC Credit Cards - Live Events Offer,31-12-2024 23:59,https://in.bmscdn.com/offers/tnclogo/hsbc-saturday-offer-hsbc0815.jpg?28102024124123,https://in.bookmyshow.com/offers/hsbc-credit-card-offer---live-events/HSBCLIVE24,HSBC Premier Mastercard Credit Card
,,,,,
RBL Bank Monthly OfferAvailable ForWEBMOBILE,"RBL Bank Popcorn, Fun+, Movies & More and Blockbuster card monthly offer",30-11-2024 23:59,https://in.bmscdn.com/offers/tnclogo/rblmon1216.jpg?01112024081452,https://in.bookmyshow.com/offers/rbl-bank-monthly-offer/RBLMON1216,RBL Bank Popcorn
RBL Bank Monthly OfferAvailable ForWEBMOBILE,"RBL Bank Popcorn, Fun+, Movies & More and Blockbuster card monthly offer",30-11-2024 23:59,https://in.bmscdn.com/offers/tnclogo/rblmon1216.jpg?01112024081452,https://in.bookmyshow.com/offers/rbl-bank-monthly-offer/RBLMON1216,RBL Bank Fun+
RBL Bank Monthly OfferAvailable ForWEBMOBILE,"RBL Bank Popcorn, Fun+, Movies & More and Blockbuster card monthly offer",30-11-2024 23:59,https://in.bmscdn.com/offers/tnclogo/rblmon1216.jpg?01112024081452,https://in.bookmyshow.com/offers/rbl-bank-monthly-offer/RBLMON1216,RBL Bank Movies and More
RBL Bank Monthly OfferAvailable ForWEBMOBILE,"RBL Bank Popcorn, Fun+, Movies & More and Blockbuster card monthly offer",30-11-2024 23:59,https://in.bmscdn.com/offers/tnclogo/rblmon1216.jpg?01112024081452,https://in.bookmyshow.com/offers/rbl-bank-monthly-offer/RBLMON1216,RBL Bank Blockbuster Card
RBL Bank Welcome OfferAvailable ForWEBMOBILE,"RBL Bank Popcorn, Fun+, Movies & More and Blockbuster card welcome offer",30-11-2024 23:59,https://in.bmscdn.com/offers/tnclogo/rblwc1216.jpg?01112024081405,https://in.bookmyshow.com/offers/rbl-bank-welcome-offer/RBLWC1216,RBL Bank Popcorn
RBL Bank Welcome OfferAvailable ForWEBMOBILE,"RBL Bank Popcorn, Fun+, Movies & More and Blockbuster card welcome offer",30-11-2024 23:59,https://in.bmscdn.com/offers/tnclogo/rblwc1216.jpg?01112024081405,https://in.bookmyshow.com/offers/rbl-bank-welcome-offer/RBLWC1216,RBL Bank Fun+
RBL Bank Welcome OfferAvailable ForWEBMOBILE,"RBL Bank Popcorn, Fun+, Movies & More and Blockbuster card welcome offer",30-11-2024 23:59,https://in.bmscdn.com/offers/tnclogo/rblwc1216.jpg?01112024081405,https://in.bookmyshow.com/offers/rbl-bank-welcome-offer/RBLWC1216,RBL Bank Movies and More
RBL Bank Welcome OfferAvailable ForWEBMOBILE,"RBL Bank Popcorn, Fun+, Movies & More and Blockbuster card welcome offer",30-11-2024 23:59,https://in.bmscdn.com/offers/tnclogo/rblwc1216.jpg?01112024081405,https://in.bookmyshow.com/offers/rbl-bank-welcome-offer/RBLWC1216,RBL Bank Blockbuster Card
Get 1 Free movie ticket upto INR 250 every month with Reliance SBI Card PRIMEAvailable ForWEBMOBILE,Reliance SBI Card PRIME,31-03-2026 23:59,https://in.bmscdn.com/offers/tnclogo/sbi-inr-500-off-on-signature-credit-card-sbi0613.jpg?20092024200323,https://in.bookmyshow.com/offers/reliance-sbi-card-prime/SBIRIL03241,Reliance SBI Card Prime
Buy 1 Get 1 free movie ticket with YES Bank MARQUEE Credit Card*Available ForWEBMOBILE,YES Bank MARQUEE Credit Card Offer,31-12-2025 23:59,https://in.bmscdn.com/offers/tnclogo/yes-bank-marquee-credit-card-offer-yesmrq1123.jpg?06022024140524,https://in.bookmyshow.com/offers/yes-bank-marquee-credit-card-offer/YESMRQ1123,YES Bank Mrquee
Buy 1 get 1 movie ticket free + 50% off on non movie tickets with Yes Private Credit CardAvailable ForWEBMOBILE,Yes Private Credit Card Offer,31-12-2025 23:59,https://in.bmscdn.com/offers/tnclogo/yes-private-credit-card-offer-yesprcc124.jpg?06022024140548,https://in.bookmyshow.com/offers/yes-private-credit-card-offer/YESPRCC124,YES Private and Private Prime
Get 4 movie tickets or INR 1000 once a month with AURUM credit card.Available ForWEBMOBILE,AURUM Credit Card Offer,31-03-2026 23:59,https://in.bmscdn.com/offers/tnclogo/aurum-credit-card-offer-sbispr0420.jpg?28082024113232,https://in.bookmyshow.com/offers/aurum-credit-card-offer/SBISPR0724,SBI AURUM
"Buy one ticket, get one ticket free upto INR 250 with Federal Bank Credit cardsAvailable ForWEBMOBILE",Federal Bank Credit Card Offer,31-12-2024 23:59,https://in.bmscdn.com/offers/tnclogo/federal-bank-credit-card-offer-fedcc0722.jpg?26092024151130,https://in.bookmyshow.com/offers/federal-bank-credit-card-offer/FEDCC1023,Federal Bank Celesta
"Buy one ticket, get one ticket free upto INR 250 with Federal Bank Credit cardsAvailable ForWEBMOBILE",Federal Bank Credit Card Offer,31-12-2024 23:59,https://in.bmscdn.com/offers/tnclogo/federal-bank-credit-card-offer-fedcc0722.jpg?26092024151130,https://in.bookmyshow.com/offers/federal-bank-credit-card-offer/FEDCC1023,Federal Bank Imperio
"Buy one ticket, get one ticket free upto INR 250 with Federal Bank Credit cardsAvailable ForWEBMOBILE",Federal Bank Credit Card Offer,31-12-2024 23:59,https://in.bmscdn.com/offers/tnclogo/federal-bank-credit-card-offer-fedcc0722.jpg?26092024151130,https://in.bookmyshow.com/offers/federal-bank-credit-card-offer/FEDCC1023,Federal Bank Signet
Get up to INR 750 off on Movies and FnB and/or Non-movies twice a month with IDFC First Bank Private Credit CardAvailable ForWEBMOBILE,IDFC First Bank Private Credit Card Offer,31-03-2025 23:59,https://in.bmscdn.com/offers/tnclogo/idfc-first-bank-private-credit-card-offer-idfccc0921.jpg?22032024122320,https://in.bookmyshow.com/offers/idfc-first-bank-private-credit-card-offer/IDFCCC0921,IDFC First Bank Private
Get 2 free movie tickets or INR 500 off whichever is less with SBI Signature/Elite credit cardsAvailable ForWEBMOBILE,SBI Signature/Elite credit card offer,31-03-2026 23:59,https://in.bmscdn.com/offers/tnclogo/sbi-inr-500-off-on-signature-credit-card-sbi0613.jpg?28082024113314,https://in.bookmyshow.com/offers/sbi-inr-500-off-on-elite-credit-card/SBI0724,SBI Signature
Get 2 free movie tickets or INR 500 off whichever is less with SBI Signature/Elite credit cardsAvailable ForWEBMOBILE,SBI Signature/Elite credit card offer,31-03-2026 23:59,https://in.bmscdn.com/offers/tnclogo/sbi-inr-500-off-on-signature-credit-card-sbi0613.jpg?28082024113314,https://in.bookmyshow.com/offers/sbi-inr-500-off-on-elite-credit-card/SBI0724,SBI Elite
Buy One Get One Free upto INR500 Off* twice a month on DBS Vantage Credit CardAvailable ForWEBMOBILE,DBS Bank Vantage Credit Card Offer,31-12-2024 23:59,https://in.bmscdn.com/offers/tnclogo/dbs-bank-credit-card-offer-dbscc0623.jpg?03102024123133,https://in.bookmyshow.com/offers/dbs-bank-vantage-credit-card-offer/DBSVN0424,DBS Bank Vantage
Buy One Get One Free Upto INR 200* on DBS Spark Credit CardAvailable ForWEBMOBILE,DBS Spark Credit Card Offer,31-07-2025 23:59,https://in.bmscdn.com/offers/tnclogo/dbs-spark-credit-card-offer-dbscc1023.jpg?31072024213612,https://in.bookmyshow.com/offers/dbs-spark-credit-card-offer/DBSCC1023,DBS Bank Spark
Get 25% discount on movie tickets with HDFC Timescard Credit & 50% discount on movie tickets with HDFC Timescard Credit PlatinumAvailable ForWEBMOBILE,HDFC Bank Times Card Offer,31-12-2024 23:59,https://in.bmscdn.com/offers/tnclogo/hdfc-bank-timescard-offer-htc0314.jpg?26092024151458,https://in.bookmyshow.com/offers/hdfc-bank-timescard-offer/HTCCC0324,HDFC Bank Timescard Credit
Get 25% discount on movie tickets with HDFC Timescard Credit & 50% discount on movie tickets with HDFC Timescard Credit PlatinumAvailable ForWEBMOBILE,HDFC Bank Times Card Offer,31-12-2024 23:59,https://in.bmscdn.com/offers/tnclogo/hdfc-bank-timescard-offer-htc0314.jpg?26092024151458,https://in.bookmyshow.com/offers/hdfc-bank-timescard-offer/HTCCC0324,HDFC Bank Timescard Credit Platinum
"IndusInd Bank Credit Cards Buy 1 Get 1 free movie ticket offer (Legend, Nexxt, Duo, Signature, Iconia, Intermiles, Poonawalla Fincorp eLITE)Available ForWEBMOBILE","IndusInd Bank Credit Cards Buy 1 Get 1 free movie ticket offer (Legend, Nexxt, Duo, Signature, Iconia, Intermiles, Poonawalla Fincorp eLITE)",31-03-2025 23:59,https://in.bmscdn.com/offers/tnclogo/dschbogo.jpg?27052024111853,"https://in.bookmyshow.com/offers/indusind-bank-credit-cards-buy-1-get-1-free-movie-ticket-offer-(legend,-nexxt,-duo,-signature,-iconia,-intermiles,-poonawalla-fincorp-elite)/INDBOGO424",IndusInd Bank Legend
"IndusInd Bank Credit Cards Buy 1 Get 1 free movie ticket offer (Legend, Nexxt, Duo, Signature, Iconia, Intermiles, Poonawalla Fincorp eLITE)Available ForWEBMOBILE","IndusInd Bank Credit Cards Buy 1 Get 1 free movie ticket offer (Legend, Nexxt, Duo, Signature, Iconia, Intermiles, Poonawalla Fincorp eLITE)",31-03-2025 23:59,https://in.bmscdn.com/offers/tnclogo/dschbogo.jpg?27052024111853,"https://in.bookmyshow.com/offers/indusind-bank-credit-cards-buy-1-get-1-free-movie-ticket-offer-(legend,-nexxt,-duo,-signature,-iconia,-intermiles,-poonawalla-fincorp-elite)/INDBOGO424",IndusInd Bank Nexxt
"IndusInd Bank Credit Cards Buy 1 Get 1 free movie ticket offer (Legend, Nexxt, Duo, Signature, Iconia, Intermiles, Poonawalla Fincorp eLITE)Available ForWEBMOBILE","IndusInd Bank Credit Cards Buy 1 Get 1 free movie ticket offer (Legend, Nexxt, Duo, Signature, Iconia, Intermiles, Poonawalla Fincorp eLITE)",31-03-2025 23:59,https://in.bmscdn.com/offers/tnclogo/dschbogo.jpg?27052024111853,"https://in.bookmyshow.com/offers/indusind-bank-credit-cards-buy-1-get-1-free-movie-ticket-offer-(legend,-nexxt,-duo,-signature,-iconia,-intermiles,-poonawalla-fincorp-elite)/INDBOGO424",IndusInd Bank Duo
"IndusInd Bank Credit Cards Buy 1 Get 1 free movie ticket offer (Legend, Nexxt, Duo, Signature, Iconia, Intermiles, Poonawalla Fincorp eLITE)Available ForWEBMOBILE","IndusInd Bank Credit Cards Buy 1 Get 1 free movie ticket offer (Legend, Nexxt, Duo, Signature, Iconia, Intermiles, Poonawalla Fincorp eLITE)",31-03-2025 23:59,https://in.bmscdn.com/offers/tnclogo/dschbogo.jpg?27052024111853,"https://in.bookmyshow.com/offers/indusind-bank-credit-cards-buy-1-get-1-free-movie-ticket-offer-(legend,-nexxt,-duo,-signature,-iconia,-intermiles,-poonawalla-fincorp-elite)/INDBOGO424",IndusInd Bank Signature
"IndusInd Bank Credit Cards Buy 1 Get 1 free movie ticket offer (Legend, Nexxt, Duo, Signature, Iconia, Intermiles, Poonawalla Fincorp eLITE)Available ForWEBMOBILE","IndusInd Bank Credit Cards Buy 1 Get 1 free movie ticket offer (Legend, Nexxt, Duo, Signature, Iconia, Intermiles, Poonawalla Fincorp eLITE)",31-03-2025 23:59,https://in.bmscdn.com/offers/tnclogo/dschbogo.jpg?27052024111853,"https://in.bookmyshow.com/offers/indusind-bank-credit-cards-buy-1-get-1-free-movie-ticket-offer-(legend,-nexxt,-duo,-signature,-iconia,-intermiles,-poonawalla-fincorp-elite)/INDBOGO424",IndusInd Bank Iconia
"IndusInd Bank Credit Cards Buy 1 Get 1 free movie ticket offer (Legend, Nexxt, Duo, Signature, Iconia, Intermiles, Poonawalla Fincorp eLITE)Available ForWEBMOBILE","IndusInd Bank Credit Cards Buy 1 Get 1 free movie ticket offer (Legend, Nexxt, Duo, Signature, Iconia, Intermiles, Poonawalla Fincorp eLITE)",31-03-2025 23:59,https://in.bmscdn.com/offers/tnclogo/dschbogo.jpg?27052024111853,"https://in.bookmyshow.com/offers/indusind-bank-credit-cards-buy-1-get-1-free-movie-ticket-offer-(legend,-nexxt,-duo,-signature,-iconia,-intermiles,-poonawalla-fincorp-elite)/INDBOGO424",IndusInd Bank Intermiles
"IndusInd Bank Credit Cards Buy 1 Get 1 free movie ticket offer (Legend, Nexxt, Duo, Signature, Iconia, Intermiles, Poonawalla Fincorp eLITE)Available ForWEBMOBILE","IndusInd Bank Credit Cards Buy 1 Get 1 free movie ticket offer (Legend, Nexxt, Duo, Signature, Iconia, Intermiles, Poonawalla Fincorp eLITE)",31-03-2025 23:59,https://in.bmscdn.com/offers/tnclogo/dschbogo.jpg?27052024111853,"https://in.bookmyshow.com/offers/indusind-bank-credit-cards-buy-1-get-1-free-movie-ticket-offer-(legend,-nexxt,-duo,-signature,-iconia,-intermiles,-poonawalla-fincorp-elite)/INDBOGO424",IndusInd Bank Poonavala Fincorp Elite.
Get INR 500/- off on tickets + INR 100/- off on F&B every month on BookMyShow using PLAY Credit Card. *T&C Apply.Available ForWEBMOBILE,PLAY Credit Card - Monthly Offer,31-03-2025 23:59,https://in.bmscdn.com/offers/tnclogo/play-credit-card---monthly-offer-rblplmn222.jpg?08112024123342,https://in.bookmyshow.com/offers/play-credit-card---monthly-offer/RBLPLMN222,Play Credit Card
,,,,,
Get 25% discount on your movie tickets with YES BANK Credit CardsAvailable ForWEBMOBILE,"YES First Preferred, Reserv & Elite Credit Card Offer",31-12-2025 23:59,"https://in.bmscdn.com/offers/tnclogo/yes-first-preferred,-reserv-and-elite-credit-card-offer-yescc0124.jpg?06022024140957","https://in.bookmyshow.com/offers/yes-first-preferred,-reserv-&-elite-credit-card-offer/YESCC0124",YES Bank Reserv
Get 25% discount on your movie tickets with YES BANK Credit CardsAvailable ForWEBMOBILE,"YES First Preferred, Reserv & Elite Credit Card Offer",31-12-2025 23:59,"https://in.bmscdn.com/offers/tnclogo/yes-first-preferred,-reserv-and-elite-credit-card-offer-yescc0124.jpg?06022024140957","https://in.bookmyshow.com/offers/yes-first-preferred,-reserv-&-elite-credit-card-offer/YESCC0124",YES Bank Preferred
Get 25% discount on your movie tickets with YES BANK Credit CardsAvailable ForWEBMOBILE,"YES First Preferred, Reserv & Elite Credit Card Offer",31-12-2025 23:59,"https://in.bmscdn.com/offers/tnclogo/yes-first-preferred,-reserv-and-elite-credit-card-offer-yescc0124.jpg?06022024140957","https://in.bookmyshow.com/offers/yes-first-preferred,-reserv-&-elite-credit-card-offer/YESCC0124",YES Bank Elite
Get upto INR 250 per ticket on group booking using HDFC Bank Diners Club Privilege credit card *T&C ApplyAvailable ForWEBMOBILE,HDFC Bank Diners Club Privilege Credit Card Offer,31-03-2025 23:59,https://in.bmscdn.com/offers/tnclogo/hdfc-bank-diners-club-privilege-credit-card-offer-hdfcdz0623.jpg?03042024181120,https://in.bookmyshow.com/offers/hdfc-bank-diners-club-privilege-credit-card-offer/HDFCDZ0623,HDFC Bank Diners Club Privilege
ICICI Bank Credit Card 25% Discount OfferAvailable ForWEBMOBILE,ICICI Bank Credit Card 25% Discount Offer,31-03-2025 23:59,https://in.bmscdn.com/offers/tnclogo/icici-bank-25percent-discount-offer-icicicc520.jpg?04112024105223,https://in.bookmyshow.com/offers/icici-bank-25-discount-offer/ICICICC520,ICICI Bank Insta Platinum Credit Card
,,,,,
ICICI Bank Credit Card 25% Discount OfferAvailable ForWEBMOBILE,ICICI Bank Credit Card 25% Discount Offer,31-03-2025 23:59,https://in.bmscdn.com/offers/tnclogo/icici-bank-25percent-discount-offer-icicicc520.jpg?04112024105223,https://in.bookmyshow.com/offers/icici-bank-25-discount-offer/ICICICC520,ICICI Bank HPCL Titanium Credit Card
ICICI Bank Credit Card 25% Discount OfferAvailable ForWEBMOBILE,ICICI Bank Credit Card 25% Discount Offer,31-03-2025 23:59,https://in.bmscdn.com/offers/tnclogo/icici-bank-25percent-discount-offer-icicicc520.jpg?04112024105223,https://in.bookmyshow.com/offers/icici-bank-25-discount-offer/ICICICC520,"ICICI Bank HPCL
Coral Platinum Credit Card"
ICICI Bank Credit Card 25% Discount OfferAvailable ForWEBMOBILE,ICICI Bank Credit Card 25% Discount Offer,31-03-2025 23:59,https://in.bmscdn.com/offers/tnclogo/icici-bank-25percent-discount-offer-icicicc520.jpg?04112024105223,https://in.bookmyshow.com/offers/icici-bank-25-discount-offer/ICICICC520,ICICI Bank HPCL Coral Visa Contactless Credit Card
ICICI Bank Credit Card 25% Discount OfferAvailable ForWEBMOBILE,ICICI Bank Credit Card 25% Discount Offer,31-03-2025 23:59,https://in.bmscdn.com/offers/tnclogo/icici-bank-25percent-discount-offer-icicicc520.jpg?04112024105223,https://in.bookmyshow.com/offers/icici-bank-25-discount-offer/ICICICC520,"ICICI Bank HPCL Coral Credit
Card"
ICICI Bank Credit Card 25% Discount OfferAvailable ForWEBMOBILE,ICICI Bank Credit Card 25% Discount Offer,31-03-2025 23:59,https://in.bmscdn.com/offers/tnclogo/icici-bank-25percent-discount-offer-icicicc520.jpg?04112024105223,https://in.bookmyshow.com/offers/icici-bank-25-discount-offer/ICICICC520,ICICI Bank Coral Credit Card
ICICI Bank Credit Card 25% Discount OfferAvailable ForWEBMOBILE,ICICI Bank Credit Card 25% Discount Offer,31-03-2025 23:59,https://in.bmscdn.com/offers/tnclogo/icici-bank-25percent-discount-offer-icicicc520.jpg?04112024105223,https://in.bookmyshow.com/offers/icici-bank-25-discount-offer/ICICICC520,ICICI Bank Coral Contactless Credit Card
ICICI Bank Credit Card 25% Discount OfferAvailable ForWEBMOBILE,ICICI Bank Credit Card 25% Discount Offer,31-03-2025 23:59,https://in.bmscdn.com/offers/tnclogo/icici-bank-25percent-discount-offer-icicicc520.jpg?04112024105223,https://in.bookmyshow.com/offers/icici-bank-25-discount-offer/ICICICC520,ICICI Bank Secured Coral Credit Card
ICICI Bank Credit Card 25% Discount OfferAvailable ForWEBMOBILE,ICICI Bank Credit Card 25% Discount Offer,31-03-2025 23:59,https://in.bmscdn.com/offers/tnclogo/icici-bank-25percent-discount-offer-icicicc520.jpg?04112024105223,https://in.bookmyshow.com/offers/icici-bank-25-discount-offer/ICICICC520,ICICI Bank LTN Coral Credit Card
ICICI Bank Credit Card 25% Discount OfferAvailable ForWEBMOBILE,ICICI Bank Credit Card 25% Discount Offer,31-03-2025 23:59,https://in.bmscdn.com/offers/tnclogo/icici-bank-25percent-discount-offer-icicicc520.jpg?04112024105223,https://in.bookmyshow.com/offers/icici-bank-25-discount-offer/ICICICC520,ICICI Bank NRI Unsecured Coral Credit Card
ICICI Bank Credit Card 25% Discount OfferAvailable ForWEBMOBILE,ICICI Bank Credit Card 25% Discount Offer,31-03-2025 23:59,https://in.bmscdn.com/offers/tnclogo/icici-bank-25percent-discount-offer-icicicc520.jpg?04112024105223,https://in.bookmyshow.com/offers/icici-bank-25-discount-offer/ICICICC520,"ICICI Bank Expressions Credit
Card"
ICICI Bank Credit Card 25% Discount OfferAvailable ForWEBMOBILE,ICICI Bank Credit Card 25% Discount Offer,31-03-2025 23:59,https://in.bmscdn.com/offers/tnclogo/icici-bank-25percent-discount-offer-icicicc520.jpg?04112024105223,https://in.bookmyshow.com/offers/icici-bank-25-discount-offer/ICICICC520,ICICI Bank MMT Platinum Credit Card
ICICI Bank Credit Card 25% Discount OfferAvailable ForWEBMOBILE,ICICI Bank Credit Card 25% Discount Offer,31-03-2025 23:59,https://in.bmscdn.com/offers/tnclogo/icici-bank-25percent-discount-offer-icicicc520.jpg?04112024105223,https://in.bookmyshow.com/offers/icici-bank-25-discount-offer/ICICICC520,ICICI Bank ManU Platinum Credit Card
ICICI Bank Credit Card 25% Discount OfferAvailable ForWEBMOBILE,ICICI Bank Credit Card 25% Discount Offer,31-03-2025 23:59,https://in.bmscdn.com/offers/tnclogo/icici-bank-25percent-discount-offer-icicicc520.jpg?04112024105223,https://in.bookmyshow.com/offers/icici-bank-25-discount-offer/ICICICC520," ICICI Ferrari Platinum
Credit Card"
ICICI Bank Credit Card 25% Discount OfferAvailable ForWEBMOBILE,ICICI Bank Credit Card 25% Discount Offer,31-03-2025 23:59,https://in.bmscdn.com/offers/tnclogo/icici-bank-25percent-discount-offer-icicicc520.jpg?04112024105223,https://in.bookmyshow.com/offers/icici-bank-25-discount-offer/ICICICC520,ICICI Bank HPCL Super Saver RuPay Credit Card
ICICI Bank Credit Card 25% Discount OfferAvailable ForWEBMOBILE,ICICI Bank Credit Card 25% Discount Offer,31-03-2025 23:59,https://in.bmscdn.com/offers/tnclogo/icici-bank-25percent-discount-offer-icicicc520.jpg?04112024105223,https://in.bookmyshow.com/offers/icici-bank-25-discount-offer/ICICICC520,ICICI Bank InterMiles Coral Credit Card
ICICI Bank Credit Card 25% Discount OfferAvailable ForWEBMOBILE,ICICI Bank Credit Card 25% Discount Offer,31-03-2025 23:59,https://in.bmscdn.com/offers/tnclogo/icici-bank-25percent-discount-offer-icicicc520.jpg?04112024105223,https://in.bookmyshow.com/offers/icici-bank-25-discount-offer/ICICICC520,ICICI Bank Rubyx Credit Card
ICICI Bank Credit Card 25% Discount OfferAvailable ForWEBMOBILE,ICICI Bank Credit Card 25% Discount Offer,31-03-2025 23:59,https://in.bmscdn.com/offers/tnclogo/icici-bank-25percent-discount-offer-icicicc520.jpg?04112024105223,https://in.bookmyshow.com/offers/icici-bank-25-discount-offer/ICICICC520,ICICI Bank LTN Rubyx Credit Card
ICICI Bank Credit Card 25% Discount OfferAvailable ForWEBMOBILE,ICICI Bank Credit Card 25% Discount Offer,31-03-2025 23:59,https://in.bmscdn.com/offers/tnclogo/icici-bank-25percent-discount-offer-icicicc520.jpg?04112024105223,https://in.bookmyshow.com/offers/icici-bank-25-discount-offer/ICICICC520,ICICI Bank Secured Rubyx Credit Card
ICICI Bank Credit Card 25% Discount OfferAvailable ForWEBMOBILE,ICICI Bank Credit Card 25% Discount Offer,31-03-2025 23:59,https://in.bmscdn.com/offers/tnclogo/icici-bank-25percent-discount-offer-icicicc520.jpg?04112024105223,https://in.bookmyshow.com/offers/icici-bank-25-discount-offer/ICICICC520,ICICI BankFerrari Signature Credit Card
ICICI Bank Credit Card 25% Discount OfferAvailable ForWEBMOBILE,ICICI Bank Credit Card 25% Discount Offer,31-03-2025 23:59,https://in.bmscdn.com/offers/tnclogo/icici-bank-25percent-discount-offer-icicicc520.jpg?04112024105223,https://in.bookmyshow.com/offers/icici-bank-25-discount-offer/ICICICC520,ICICI Bank ManU Signature Credit Card
ICICI Bank Credit Card 25% Discount OfferAvailable ForWEBMOBILE,ICICI Bank Credit Card 25% Discount Offer,31-03-2025 23:59,https://in.bmscdn.com/offers/tnclogo/icici-bank-25percent-discount-offer-icicicc520.jpg?04112024105223,https://in.bookmyshow.com/offers/icici-bank-25-discount-offer/ICICICC520,ICICI Bank MMT Signature Credit Card
ICICI Bank Credit Card 25% Discount OfferAvailable ForWEBMOBILE,ICICI Bank Credit Card 25% Discount Offer,31-03-2025 23:59,https://in.bmscdn.com/offers/tnclogo/icici-bank-25percent-discount-offer-icicicc520.jpg?04112024105223,https://in.bookmyshow.com/offers/icici-bank-25-discount-offer/ICICICC520,ICICI Bank Rubyx MasterCard Credit Card
ICICI Bank Credit Card 25% Discount OfferAvailable ForWEBMOBILE,ICICI Bank Credit Card 25% Discount Offer,31-03-2025 23:59,https://in.bmscdn.com/offers/tnclogo/icici-bank-25percent-discount-offer-icicicc520.jpg?04112024105223,https://in.bookmyshow.com/offers/icici-bank-25-discount-offer/ICICICC520,ICICI Bank InterMiles Rubyx Credit Card
IndusInd Bank Super Premium & Premium Credit Cards OfferAvailable ForWEBMOBILE,"IndusInd Bank Super Premium & Premium Credit Cards Offer (Indulge, Crest, Celesta, Heritage (Non-Metal) , Legacy, Vistara Explorer Co - Branded, Pinnacle)",31-03-2025 23:59,https://in.bmscdn.com/offers/tnclogo/dschbogo.jpg?31032024073857,"https://in.bookmyshow.com/offers/indusind-bank-super-premium-&-premium-credit-cards-offer-(indulge,-crest,-celesta,-heritage-(non-metal)-,-legacy,-vistara-explorer-co--branded,-pinnacle)/INDSPC0424",IndusInd Bank Indulge
IndusInd Bank Super Premium & Premium Credit Cards OfferAvailable ForWEBMOBILE,"IndusInd Bank Super Premium & Premium Credit Cards Offer (Indulge, Crest, Celesta, Heritage (Non-Metal) , Legacy, Vistara Explorer Co - Branded, Pinnacle)",31-03-2025 23:59,https://in.bmscdn.com/offers/tnclogo/dschbogo.jpg?31032024073857,"https://in.bookmyshow.com/offers/indusind-bank-super-premium-&-premium-credit-cards-offer-(indulge,-crest,-celesta,-heritage-(non-metal)-,-legacy,-vistara-explorer-co--branded,-pinnacle)/INDSPC0424",IndusInd Bank Celesta
IndusInd Bank Super Premium & Premium Credit Cards OfferAvailable ForWEBMOBILE,"IndusInd Bank Super Premium & Premium Credit Cards Offer (Indulge, Crest, Celesta, Heritage (Non-Metal) , Legacy, Vistara Explorer Co - Branded, Pinnacle)",31-03-2025 23:59,https://in.bmscdn.com/offers/tnclogo/dschbogo.jpg?31032024073857,"https://in.bookmyshow.com/offers/indusind-bank-super-premium-&-premium-credit-cards-offer-(indulge,-crest,-celesta,-heritage-(non-metal)-,-legacy,-vistara-explorer-co--branded,-pinnacle)/INDSPC0424",IndusInd Bank Crest
IndusInd Bank Super Premium & Premium Credit Cards OfferAvailable ForWEBMOBILE,"IndusInd Bank Super Premium & Premium Credit Cards Offer (Indulge, Crest, Celesta, Heritage (Non-Metal) , Legacy, Vistara Explorer Co - Branded, Pinnacle)",31-03-2025 23:59,https://in.bmscdn.com/offers/tnclogo/dschbogo.jpg?31032024073857,"https://in.bookmyshow.com/offers/indusind-bank-super-premium-&-premium-credit-cards-offer-(indulge,-crest,-celesta,-heritage-(non-metal)-,-legacy,-vistara-explorer-co--branded,-pinnacle)/INDSPC0424",IndusInd Bank Heritage (Non-Metal)
IndusInd Bank Super Premium & Premium Credit Cards OfferAvailable ForWEBMOBILE,"IndusInd Bank Super Premium & Premium Credit Cards Offer (Indulge, Crest, Celesta, Heritage (Non-Metal) , Legacy, Vistara Explorer Co - Branded, Pinnacle)",31-03-2025 23:59,https://in.bmscdn.com/offers/tnclogo/dschbogo.jpg?31032024073857,"https://in.bookmyshow.com/offers/indusind-bank-super-premium-&-premium-credit-cards-offer-(indulge,-crest,-celesta,-heritage-(non-metal)-,-legacy,-vistara-explorer-co--branded,-pinnacle)/INDSPC0424",IndusInd Bank Legacy
IndusInd Bank Super Premium & Premium Credit Cards OfferAvailable ForWEBMOBILE,"IndusInd Bank Super Premium & Premium Credit Cards Offer (Indulge, Crest, Celesta, Heritage (Non-Metal) , Legacy, Vistara Explorer Co - Branded, Pinnacle)",31-03-2025 23:59,https://in.bmscdn.com/offers/tnclogo/dschbogo.jpg?31032024073857,"https://in.bookmyshow.com/offers/indusind-bank-super-premium-&-premium-credit-cards-offer-(indulge,-crest,-celesta,-heritage-(non-metal)-,-legacy,-vistara-explorer-co--branded,-pinnacle)/INDSPC0424",IndusInd Bank Vistara Explorer co-branded
IndusInd Bank Super Premium & Premium Credit Cards OfferAvailable ForWEBMOBILE,"IndusInd Bank Super Premium & Premium Credit Cards Offer (Indulge, Crest, Celesta, Heritage (Non-Metal) , Legacy, Vistara Explorer Co - Branded, Pinnacle)",31-03-2025 23:59,https://in.bmscdn.com/offers/tnclogo/dschbogo.jpg?31032024073857,"https://in.bookmyshow.com/offers/indusind-bank-super-premium-&-premium-credit-cards-offer-(indulge,-crest,-celesta,-heritage-(non-metal)-,-legacy,-vistara-explorer-co--branded,-pinnacle)/INDSPC0424",IndusInd Bank Pinnacle
PLAY CREDIT CARD - WELCOME OFFERAvailable ForWEBMOBILE,PLAY Credit Card ? Welcome Offer,31-03-2025 23:59,https://in.bmscdn.com/offers/tnclogo/play-credit-card---welcome-offer-rblplwl222.jpg?08112024123740,https://in.bookmyshow.com/offers/play-credit-card---welcome-offer/RBLPLWL222,Play Credit Card
,,,,,
"Buy One Ticket, Get One Free using Axis Bank Olympus Credit CardAvailable ForWEBMOBILE",Axis Bank Olympus Credit Card Offer,31-03-2025 23:59,https://in.bmscdn.com/offers/tnclogo/axis0814.jpg?15072024103826,"https://in.bookmyshow.com/offers/buy-one-ticket,-get-one-free-using-axis-bank-olympus-credit-card/AXISOL724",Axis Bank Olympus Credit Card
Buy 1 Ticket and Get 1 Ticket Free with HSBC Premier Mastercard Credit CardAvailable ForWEBMOBILE,HSBC Premier Credit Card Offer,31-12-2024 23:59,https://in.bmscdn.com/offers/tnclogo/hsbc-saturday-offer-hsbc0815.jpg?26092024150440,https://in.bookmyshow.com/offers/hsbc-premier-mastercard-credit-card-offer/HSBCP0923,HSBC Premier Mastercard Credit Card
Buy 1 ticket and get 1 ticket free with HSBC Credit Cards only on BookMyShow Mobile AppAvailable ForMOBILE,HSBC Credit Card Offer,31-12-2024 23:59,https://in.bmscdn.com/offers/tnclogo/hsbc-saturday-offer-hsbc0815.jpg?30092024105457,https://in.bookmyshow.com/offers/hsbc-saturday-offer/HSBCCC0324,HSBC Cashback Credit Card
Buy 1 ticket and get 1 ticket free with HSBC Credit Cards only on BookMyShow Mobile AppAvailable ForMOBILE,HSBC Credit Card Offer,31-12-2024 23:59,https://in.bmscdn.com/offers/tnclogo/hsbc-saturday-offer-hsbc0815.jpg?30092024105457,https://in.bookmyshow.com/offers/hsbc-saturday-offer/HSBCCC0324,HSBC Visa Platinum Credit Card
Buy 1 ticket and get 1 ticket free with HSBC Credit Cards only on BookMyShow Mobile AppAvailable ForMOBILE,HSBC Credit Card Offer,31-12-2024 23:59,https://in.bmscdn.com/offers/tnclogo/hsbc-saturday-offer-hsbc0815.jpg?30092024105457,https://in.bookmyshow.com/offers/hsbc-saturday-offer/HSBCCC0324,HSBC Smart Value Credit Card
Buy 1 ticket and get 1 ticket free with HSBC Credit Cards only on BookMyShow Mobile AppAvailable ForMOBILE,HSBC Credit Card Offer,31-12-2024 23:59,https://in.bmscdn.com/offers/tnclogo/hsbc-saturday-offer-hsbc0815.jpg?30092024105457,https://in.bookmyshow.com/offers/hsbc-saturday-offer/HSBCCC0324,HSBC Premier Mastercard? Credit Card
ICICI Bank Complimentary Tickets OfferAvailable ForWEBMOBILE,ICICI Bank Complimentary Tickets Offer,31-03-2025 23:59,https://in.bmscdn.com/offers/tnclogo/icici-bank-25percent-discount-offer-icicicc520.jpg?30102024115745,https://in.bookmyshow.com/offers/icici-bank-complimentary-offer/ICICCOM724,ICICI Bank Sapphiro Visa Credit Card
ICICI Bank Complimentary Tickets OfferAvailable ForWEBMOBILE,ICICI Bank Complimentary Tickets Offer,31-03-2025 23:59,https://in.bmscdn.com/offers/tnclogo/icici-bank-25percent-discount-offer-icicicc520.jpg?30102024115745,https://in.bookmyshow.com/offers/icici-bank-complimentary-offer/ICICCOM724,ICICI Bank LTN Sapphiro Credit Card
ICICI Bank Complimentary Tickets OfferAvailable ForWEBMOBILE,ICICI Bank Complimentary Tickets Offer,31-03-2025 23:59,https://in.bmscdn.com/offers/tnclogo/icici-bank-25percent-discount-offer-icicicc520.jpg?30102024115745,https://in.bookmyshow.com/offers/icici-bank-complimentary-offer/ICICCOM724,ICICI Bank NRI Sapphiro Credit Card
ICICI Bank Complimentary Tickets OfferAvailable ForWEBMOBILE,ICICI Bank Complimentary Tickets Offer,31-03-2025 23:59,https://in.bmscdn.com/offers/tnclogo/icici-bank-25percent-discount-offer-icicicc520.jpg?30102024115745,https://in.bookmyshow.com/offers/icici-bank-complimentary-offer/ICICCOM724,ICICI Bank Visa Signature Credit Card
ICICI Bank Complimentary Tickets OfferAvailable ForWEBMOBILE,ICICI Bank Complimentary Tickets Offer,31-03-2025 23:59,https://in.bmscdn.com/offers/tnclogo/icici-bank-25percent-discount-offer-icicicc520.jpg?30102024115745,https://in.bookmyshow.com/offers/icici-bank-complimentary-offer/ICICCOM724,ICICI Bank Sapphiro MasterCard Credit Card
ICICI Bank Complimentary Tickets OfferAvailable ForWEBMOBILE,ICICI Bank Complimentary Tickets Offer,31-03-2025 23:59,https://in.bmscdn.com/offers/tnclogo/icici-bank-25percent-discount-offer-icicicc520.jpg?30102024115745,https://in.bookmyshow.com/offers/icici-bank-complimentary-offer/ICICCOM724,ICICI Bank Sapphiro Credit Card
ICICI Bank Complimentary Tickets OfferAvailable ForWEBMOBILE,ICICI Bank Complimentary Tickets Offer,31-03-2025 23:59,https://in.bmscdn.com/offers/tnclogo/icici-bank-25percent-discount-offer-icicicc520.jpg?30102024115745,https://in.bookmyshow.com/offers/icici-bank-complimentary-offer/ICICCOM724,ICICI Bank InterMiles Sapphiro Credit Card
ICICI Bank Complimentary Tickets OfferAvailable ForWEBMOBILE,ICICI Bank Complimentary Tickets Offer,31-03-2025 23:59,https://in.bmscdn.com/offers/tnclogo/icici-bank-25percent-discount-offer-icicicc520.jpg?30102024115745,https://in.bookmyshow.com/offers/icici-bank-complimentary-offer/ICICCOM724,ICICI Bank Emeralde Credit Card
ICICI Bank Complimentary Tickets OfferAvailable ForWEBMOBILE,ICICI Bank Complimentary Tickets Offer,31-03-2025 23:59,https://in.bmscdn.com/offers/tnclogo/icici-bank-25percent-discount-offer-icicicc520.jpg?30102024115745,https://in.bookmyshow.com/offers/icici-bank-complimentary-offer/ICICCOM724,ICICI Bank NRI Emeralde Credit Card
ICICI Bank Complimentary Tickets OfferAvailable ForWEBMOBILE,ICICI Bank Complimentary Tickets Offer,31-03-2025 23:59,https://in.bmscdn.com/offers/tnclogo/icici-bank-25percent-discount-offer-icicicc520.jpg?30102024115745,https://in.bookmyshow.com/offers/icici-bank-complimentary-offer/ICICCOM724,ICICI Bank Emeralde Private Credit Card
ICICI Bank Complimentary Tickets OfferAvailable ForWEBMOBILE,ICICI Bank Complimentary Tickets Offer,31-03-2025 23:59,https://in.bmscdn.com/offers/tnclogo/icici-bank-25percent-discount-offer-icicicc520.jpg?30102024115745,https://in.bookmyshow.com/offers/icici-bank-complimentary-offer/ICICCOM724,Emeralde Private Metal MasterCard
ICICI Bank Complimentary Tickets OfferAvailable ForWEBMOBILE,ICICI Bank Complimentary Tickets Offer,31-03-2025 23:59,https://in.bmscdn.com/offers/tnclogo/icici-bank-25percent-discount-offer-icicicc520.jpg?30102024115745,https://in.bookmyshow.com/offers/icici-bank-complimentary-offer/ICICCOM724,ICICI Bank Diamant
ICICI Bank Complimentary Tickets OfferAvailable ForWEBMOBILE,ICICI Bank Complimentary Tickets Offer,31-03-2025 23:59,https://in.bmscdn.com/offers/tnclogo/icici-bank-25percent-discount-offer-icicicc520.jpg?30102024115745,https://in.bookmyshow.com/offers/icici-bank-complimentary-offer/ICICCOM724,ICICI Bank Diamant World
"IndusInd Bank Credit Card Assured Movie Ticket Offer (PIONEER Private Credit Card,Metal Heritage, EazyDiner Co- Brand, Govt Aura Edge, IndusInd Bank Tiger Credit Card, Samman RuPay Credit Card, Poonawalla Fincorp IndusInd Bank Elite Credit Card)Available ForWEBMOBILE","IndusInd Bank Credit Card Assured Movie Ticket Offer (PIONEER Private, Metal Heritage, EazyDiner Co- Brand, Govt Aura Edge, IndusInd Bank Tiger Credit Card, Samman RuPay Credit Card, Poonawalla Fincorp Elite Credit Card",31-03-2025 23:59,https://in.bmscdn.com/offers/tnclogo/indus0313.jpg?30092024112306,https://in.bookmyshow.com/offers/indusind-bank-credit-card-assured-movie-ticket-offer/INDAM0523,IndusInd Bank PIONEER Private Credit Card
"IndusInd Bank Credit Card Assured Movie Ticket Offer (PIONEER Private Credit Card,Metal Heritage, EazyDiner Co- Brand, Govt Aura Edge, IndusInd Bank Tiger Credit Card, Samman RuPay Credit Card, Poonawalla Fincorp IndusInd Bank Elite Credit Card)Available ForWEBMOBILE","IndusInd Bank Credit Card Assured Movie Ticket Offer (PIONEER Private, Metal Heritage, EazyDiner Co- Brand, Govt Aura Edge, IndusInd Bank Tiger Credit Card, Samman RuPay Credit Card, Poonawalla Fincorp Elite Credit Card",31-03-2025 23:59,https://in.bmscdn.com/offers/tnclogo/indus0313.jpg?30092024112306,https://in.bookmyshow.com/offers/indusind-bank-credit-card-assured-movie-ticket-offer/INDAM0523,IndusInd Bank Metal Heritage
"IndusInd Bank Credit Card Assured Movie Ticket Offer (PIONEER Private Credit Card,Metal Heritage, EazyDiner Co- Brand, Govt Aura Edge, IndusInd Bank Tiger Credit Card, Samman RuPay Credit Card, Poonawalla Fincorp IndusInd Bank Elite Credit Card)Available ForWEBMOBILE","IndusInd Bank Credit Card Assured Movie Ticket Offer (PIONEER Private, Metal Heritage, EazyDiner Co- Brand, Govt Aura Edge, IndusInd Bank Tiger Credit Card, Samman RuPay Credit Card, Poonawalla Fincorp Elite Credit Card",31-03-2025 23:59,https://in.bmscdn.com/offers/tnclogo/indus0313.jpg?30092024112306,https://in.bookmyshow.com/offers/indusind-bank-credit-card-assured-movie-ticket-offer/INDAM0523,IndusInd Bank EazyDiner Co- Brand
"IndusInd Bank Credit Card Assured Movie Ticket Offer (PIONEER Private Credit Card,Metal Heritage, EazyDiner Co- Brand, Govt Aura Edge, IndusInd Bank Tiger Credit Card, Samman RuPay Credit Card, Poonawalla Fincorp IndusInd Bank Elite Credit Card)Available ForWEBMOBILE","IndusInd Bank Credit Card Assured Movie Ticket Offer (PIONEER Private, Metal Heritage, EazyDiner Co- Brand, Govt Aura Edge, IndusInd Bank Tiger Credit Card, Samman RuPay Credit Card, Poonawalla Fincorp Elite Credit Card",31-03-2025 23:59,https://in.bmscdn.com/offers/tnclogo/indus0313.jpg?30092024112306,https://in.bookmyshow.com/offers/indusind-bank-credit-card-assured-movie-ticket-offer/INDAM0523,IndusInd Bank Govt Aura Edge
"IndusInd Bank Credit Card Assured Movie Ticket Offer (PIONEER Private Credit Card,Metal Heritage, EazyDiner Co- Brand, Govt Aura Edge, IndusInd Bank Tiger Credit Card, Samman RuPay Credit Card, Poonawalla Fincorp IndusInd Bank Elite Credit Card)Available ForWEBMOBILE","IndusInd Bank Credit Card Assured Movie Ticket Offer (PIONEER Private, Metal Heritage, EazyDiner Co- Brand, Govt Aura Edge, IndusInd Bank Tiger Credit Card, Samman RuPay Credit Card, Poonawalla Fincorp Elite Credit Card",31-03-2025 23:59,https://in.bmscdn.com/offers/tnclogo/indus0313.jpg?30092024112306,https://in.bookmyshow.com/offers/indusind-bank-credit-card-assured-movie-ticket-offer/INDAM0523,IndusInd Bank Tiger Credit Card
"IndusInd Bank Credit Card Assured Movie Ticket Offer (PIONEER Private Credit Card,Metal Heritage, EazyDiner Co- Brand, Govt Aura Edge, IndusInd Bank Tiger Credit Card, Samman RuPay Credit Card, Poonawalla Fincorp IndusInd Bank Elite Credit Card)Available ForWEBMOBILE","IndusInd Bank Credit Card Assured Movie Ticket Offer (PIONEER Private, Metal Heritage, EazyDiner Co- Brand, Govt Aura Edge, IndusInd Bank Tiger Credit Card, Samman RuPay Credit Card, Poonawalla Fincorp Elite Credit Card",31-03-2025 23:59,https://in.bmscdn.com/offers/tnclogo/indus0313.jpg?30092024112306,https://in.bookmyshow.com/offers/indusind-bank-credit-card-assured-movie-ticket-offer/INDAM0523,IndusInd Bank Samman RuPay Credit Card
"IndusInd Bank Credit Card Assured Movie Ticket Offer (PIONEER Private Credit Card,Metal Heritage, EazyDiner Co- Brand, Govt Aura Edge, IndusInd Bank Tiger Credit Card, Samman RuPay Credit Card, Poonawalla Fincorp IndusInd Bank Elite Credit Card)Available ForWEBMOBILE","IndusInd Bank Credit Card Assured Movie Ticket Offer (PIONEER Private, Metal Heritage, EazyDiner Co- Brand, Govt Aura Edge, IndusInd Bank Tiger Credit Card, Samman RuPay Credit Card, Poonawalla Fincorp Elite Credit Card",31-03-2025 23:59,https://in.bmscdn.com/offers/tnclogo/indus0313.jpg?30092024112306,https://in.bookmyshow.com/offers/indusind-bank-credit-card-assured-movie-ticket-offer/INDAM0523,IndusInd Bank Poonawalla Fincorp Elite Credit Card
Get 50% Off up to INR200* with AU Zenith Credit CardAvailable ForWEBMOBILE,AU Zenith Credit Card Offer,30-11-2024 23:59,https://in.bmscdn.com/offers/tnclogo/au-bank-credit-card-offer-aucc1221.jpg?29102024130647,https://in.bookmyshow.com/offers/au-zenith-credit-card-offer/AUCC1221,AU Zenith Credit Card
Buy One ticket and Get One Free up to INR500* with AU Zenith+ Credit CardAvailable ForWEBMOBILE,AU Zenith+ Credit Card Offer,30-11-2024 23:59,https://in.bmscdn.com/offers/tnclogo/au-bank-credit-card-offer-aucc1221.jpg?05092024132627,https://in.bookmyshow.com/offers/au-zenith+-credit-card-offer/AUCC0923,AU Zenith+ Credit Card
Buy 1 ticket and Get 1 ticket free with Axis Bank Burgundy Private and Axis Reserve Credit cardsAvailable ForWEBMOBILE,Axis Bank Burgundy Private and Axis Reserve Credit Card Offer,31-03-2025 23:59,https://in.bmscdn.com/offers/tnclogo/axis-burgundy-private-credit-card-offer-axscc1219.jpg?28032024103306,https://in.bookmyshow.com/offers/axis-burgundy-private-and-reserve-credit-card-offer/AXSCC0324,Axis Bank Burgundy Private
Buy 1 ticket and Get 1 ticket free with Axis Bank Burgundy Private and Axis Reserve Credit cardsAvailable ForWEBMOBILE,Axis Bank Burgundy Private and Axis Reserve Credit Card Offer,31-03-2025 23:59,https://in.bmscdn.com/offers/tnclogo/axis-burgundy-private-credit-card-offer-axscc1219.jpg?28032024103306,https://in.bookmyshow.com/offers/axis-burgundy-private-and-reserve-credit-card-offer/AXSCC0324,Axis Reserv Credit Card
Get flat INR250 Off using Union Bank of India Divaa RuPay Credit CardAvailable ForWEBMOBILE,Union Bank of India Divaa RuPay Credit Card Offer,31-03-2025 23:59,https://in.bmscdn.com/offers/tnclogo/rupay-credit-card-offer-rpaycc1121.jpg?26042024141112,https://in.bookmyshow.com/offers/union-bank-of-india-divaa-rupay-credit-card-offer/RUPAYUN232,Union Bank of India Divaa RuPay Credit Card
,,,,,
,,,,,
,,,,,
Get flat INR250 Off using Bank of India RuPay Credit Card OfferAvailable ForWEBMOBILE,Bank of India RuPay Credit Card Offer,31-12-2024 23:59,https://in.bmscdn.com/offers/tnclogo/bank-of-india-rupay-select-credit-card-offer-boicc1023.jpg?19042024122841,https://in.bookmyshow.com/offers/bank-of-india-rupay-credit-card-offer/BOICC1023,Bank of India RuPay Select Credit Card
Get flat INR250 Off using Bank of India RuPay Credit Card OfferAvailable ForWEBMOBILE,Bank of India RuPay Credit Card Offer,31-12-2024 23:59,https://in.bmscdn.com/offers/tnclogo/bank-of-india-rupay-select-credit-card-offer-boicc1023.jpg?19042024122841,https://in.bookmyshow.com/offers/bank-of-india-rupay-credit-card-offer/BOICC1023,Bank of India RuPay Platinum Credit Card
Buy 1 and Get 1 free upto INR200 off using Amplifi Fi-Federal Credit CardAvailable ForWEBMOBILE,AmpliFi Fi-Federal Credit Card Offer,31-03-2025 23:59,https://in.bmscdn.com/offers/tnclogo/fi-federal-co-branded-credit-card-offer-fi0322.jpg?14092024215731,https://in.bookmyshow.com/offers/amplifi-fi-federal-credit-card-offer/FICC0322,Amplifi Fi- Federal Credit Card
Get upto 20% Off on BookMyShow using MagniFi Fi Federal Credit CardAvailable ForWEBMOBILE,MagniFi Fi Federal Credit Card Offer,31-03-2025 23:59,https://in.bmscdn.com/offers/tnclogo/magnifi-fi-federal-credit-card-offer-mgnfi0224.jpg?18062024121217,https://in.bookmyshow.com/offers/magnifi-fi-federal-credit-card-offer/MGNFI0224,Magnifi Fi- Federal Credit Card
Get upto 20% Off on Event Bookings using Simplifi Fi Federal Credit Card on BookMyShowAvailable ForWEBMOBILE,Simplifi Fi Federal Credit Card Weekend Offer,31-12-2024 23:59,https://in.bmscdn.com/offers/tnclogo/simplifi-fi-federal-credit-card-weekend-offer-smplf1223.jpg?25012024171213,https://in.bookmyshow.com/offers/simplifi-fi-federal-credit-card-weekend-offer/SMPLF1223,Simplifi Fi- Federal Credit Card
Get 10% discount on movie ticket with Axis Bank Neo and IndianOil Axis bank Credit CardAvailable ForWEBMOBILE,Axis Bank Neo and IndianOil Axis Bank Credit Card Offer,31-03-2025 23:59,https://in.bmscdn.com/offers/tnclogo/axsneo0415.jpg?28032024103602,https://in.bookmyshow.com/offers/axis-bank-neo-and-indian-oil-credit-card-offer/AXSIN0324,Axis Bank Neo Credit Card
Get 10% discount on movie ticket with Axis Bank Neo and IndianOil Axis bank Credit CardAvailable ForWEBMOBILE,Axis Bank Neo and IndianOil Axis Bank Credit Card Offer,31-03-2025 23:59,https://in.bmscdn.com/offers/tnclogo/axsneo0415.jpg?28032024103602,https://in.bookmyshow.com/offers/axis-bank-neo-and-indian-oil-credit-card-offer/AXSIN0324,IndianOil Axis Bank Credit Card
Get exciting discounts on movies with RBL Bank SuperCards.Available ForWEBMOBILE,RBL Bank SuperCard offer,30-11-2024 23:59,https://in.bmscdn.com/offers/tnclogo/rbl0117.jpg?01112024081431,https://in.bookmyshow.com/offers/rbl-bank-supercard-offer/RBL0117,RBL Bank World Prime SuperCard
Get exciting discounts on movies with RBL Bank SuperCards.Available ForWEBMOBILE,RBL Bank SuperCard offer,30-11-2024 23:59,https://in.bmscdn.com/offers/tnclogo/rbl0117.jpg?01112024081431,https://in.bookmyshow.com/offers/rbl-bank-supercard-offer/RBL0117,RBL Bank World Plus SuperCard
Get exciting discounts on movies with RBL Bank SuperCards.Available ForWEBMOBILE,RBL Bank SuperCard offer,30-11-2024 23:59,https://in.bmscdn.com/offers/tnclogo/rbl0117.jpg?01112024081431,https://in.bookmyshow.com/offers/rbl-bank-supercard-offer/RBL0117,RBL Bank Platinum ShopGain SuperCard
Get exciting discounts on movies with RBL Bank SuperCards.Available ForWEBMOBILE,RBL Bank SuperCard offer,30-11-2024 23:59,https://in.bmscdn.com/offers/tnclogo/rbl0117.jpg?01112024081431,https://in.bookmyshow.com/offers/rbl-bank-supercard-offer/RBL0117,RBL Bank Binge SuperCard
Get exciting discounts on movies with RBL Bank SuperCards.Available ForWEBMOBILE,RBL Bank SuperCard offer,30-11-2024 23:59,https://in.bmscdn.com/offers/tnclogo/rbl0117.jpg?01112024081431,https://in.bookmyshow.com/offers/rbl-bank-supercard-offer/RBL0117,RBL Bank Platinum Edge SuperCard
Get exciting discounts on movies with RBL Bank SuperCards.Available ForWEBMOBILE,RBL Bank SuperCard offer,30-11-2024 23:59,https://in.bmscdn.com/offers/tnclogo/rbl0117.jpg?01112024081431,https://in.bookmyshow.com/offers/rbl-bank-supercard-offer/RBL0117,RBL Bank  World Select SuperCard
Get exciting discounts on movies with RBL Bank SuperCards.Available ForWEBMOBILE,RBL Bank SuperCard offer,30-11-2024 23:59,https://in.bmscdn.com/offers/tnclogo/rbl0117.jpg?01112024081431,https://in.bookmyshow.com/offers/rbl-bank-supercard-offer/RBL0117,RBL Bank Platinum Shopsmart SuperCard
Get exciting discounts on movies with RBL Bank SuperCards.Available ForWEBMOBILE,RBL Bank SuperCard offer,30-11-2024 23:59,https://in.bmscdn.com/offers/tnclogo/rbl0117.jpg?01112024081431,https://in.bookmyshow.com/offers/rbl-bank-supercard-offer/RBL0117,RBL Bank Platinum Lifeeasy SuperCard
Get exciting discounts on movies with RBL Bank SuperCards.Available ForWEBMOBILE,RBL Bank SuperCard offer,30-11-2024 23:59,https://in.bmscdn.com/offers/tnclogo/rbl0117.jpg?01112024081431,https://in.bookmyshow.com/offers/rbl-bank-supercard-offer/RBL0117,RBL Bank CA SuperCard
Get exciting discounts on movies with RBL Bank SuperCards.Available ForWEBMOBILE,RBL Bank SuperCard offer,30-11-2024 23:59,https://in.bmscdn.com/offers/tnclogo/rbl0117.jpg?01112024081431,https://in.bookmyshow.com/offers/rbl-bank-supercard-offer/RBL0117,RBL Bank Freedom SuperCard
Get exciting discounts on movies with RBL Bank SuperCards.Available ForWEBMOBILE,RBL Bank SuperCard offer,30-11-2024 23:59,https://in.bmscdn.com/offers/tnclogo/rbl0117.jpg?01112024081431,https://in.bookmyshow.com/offers/rbl-bank-supercard-offer/RBL0117,RBL Bank World Max SuperCard
Get exciting discounts on movies with RBL Bank SuperCards.Available ForWEBMOBILE,RBL Bank SuperCard offer,30-11-2024 23:59,https://in.bmscdn.com/offers/tnclogo/rbl0117.jpg?01112024081431,https://in.bookmyshow.com/offers/rbl-bank-supercard-offer/RBL0117,RBL Bank Platinum Plus SuperCard
Get exciting discounts on movies with RBL Bank SuperCards.Available ForWEBMOBILE,RBL Bank SuperCard offer,30-11-2024 23:59,https://in.bmscdn.com/offers/tnclogo/rbl0117.jpg?01112024081431,https://in.bookmyshow.com/offers/rbl-bank-supercard-offer/RBL0117,RBL Bank Doctor's SuperCard
Get exciting discounts on movies with RBL Bank SuperCards.Available ForWEBMOBILE,RBL Bank SuperCard offer,30-11-2024 23:59,https://in.bmscdn.com/offers/tnclogo/rbl0117.jpg?01112024081431,https://in.bookmyshow.com/offers/rbl-bank-supercard-offer/RBL0117,RBL Bank Platinum Prime SuperCard
Get exciting discounts on movies with RBL Bank SuperCards.Available ForWEBMOBILE,RBL Bank SuperCard offer,30-11-2024 23:59,https://in.bmscdn.com/offers/tnclogo/rbl0117.jpg?01112024081431,https://in.bookmyshow.com/offers/rbl-bank-supercard-offer/RBL0117,RBL Bank Platinum Max SuperCard
Get exciting discounts on movies with RBL Bank SuperCards.Available ForWEBMOBILE,RBL Bank SuperCard offer,30-11-2024 23:59,https://in.bmscdn.com/offers/tnclogo/rbl0117.jpg?01112024081431,https://in.bookmyshow.com/offers/rbl-bank-supercard-offer/RBL0117,RBL Bank Platinum Advantage SuperCard
Get exciting discounts on movies with RBL Bank SuperCards.Available ForWEBMOBILE,RBL Bank SuperCard offer,30-11-2024 23:59,https://in.bmscdn.com/offers/tnclogo/rbl0117.jpg?01112024081431,https://in.bookmyshow.com/offers/rbl-bank-supercard-offer/RBL0117,RBL Bank Platinum Choice SuperCard.
Get 25% Off upto INR 300 on total ticket cost with IDBI Bank Credit CardsAvailable ForWEBMOBILE,IDBI Bank Credit Card Offer,30-11-2024 23:59,https://in.bmscdn.com/offers/tnclogo/idbi-bank-credit-card-offer-idbicc0623.jpg?28102024113412,https://in.bookmyshow.com/offers/idbi-bank-credit-card-offer/IDBICC0623,Royale Signature Credit Card
Get 25% Off upto INR 300 on total ticket cost with IDBI Bank Credit CardsAvailable ForWEBMOBILE,IDBI Bank Credit Card Offer,30-11-2024 23:59,https://in.bmscdn.com/offers/tnclogo/idbi-bank-credit-card-offer-idbicc0623.jpg?28102024113412,https://in.bookmyshow.com/offers/idbi-bank-credit-card-offer/IDBICC0623,Euphoria Credit Card
Get 25% Off upto INR 300 on total ticket cost with IDBI Bank Credit CardsAvailable ForWEBMOBILE,IDBI Bank Credit Card Offer,30-11-2024 23:59,https://in.bmscdn.com/offers/tnclogo/idbi-bank-credit-card-offer-idbicc0623.jpg?28102024113412,https://in.bookmyshow.com/offers/idbi-bank-credit-card-offer/IDBICC0623,"IDBI Aspire Platinum
Imperium Platinum"
Buy 1 ticket & Get 1 Free up to INR400* on Movies with IDFC FIRST Bank Ashva Credit CardsAvailable ForWEBMOBILE,IDFC FIRST Bank Ashva Credit Card Offer,31-03-2025 23:59,https://in.bmscdn.com/offers/tnclogo/idfc-first-bank-ashva-credit-card-offer-idfcc08241.jpg?12082024121714,https://in.bookmyshow.com/offers/idfc-first-bank-ashva-credit-card-offer/IDFCC08241,IDFC First Bank Ashva Credit Card
Buy 1 ticket & Get 1 Free up to INR400* on Movies with IDFC FIRST Bank Ashva Credit CardsAvailable ForWEBMOBILE,IDFC FIRST Bank Mayura Credit Card Offer,31-03-2025 23:59,https://in.bmscdn.com/offers/tnclogo/idfc-first-bank-mayura-credit-card-offer-idfcc08242.jpg?12082024121746,https://in.bookmyshow.com/offers/idfc-first-bank-mayura-credit-card-offer/IDFCC08242,IDFC First Bank Mayura Credit Card
Get exciting offers on movies with RBL Bank Credit cardAvailable ForWEBMOBILE,RBL Bank Credit Card Movie Offer,30-11-2024 23:59,https://in.bmscdn.com/offers/tnclogo/rbl0614.jpg?05112024121218,https://in.bookmyshow.com/offers/rbl-bank-credit-card-movie-offer/RBL0614,RBL Bank Platinum Maxima
Get exciting offers on movies with RBL Bank Credit cardAvailable ForWEBMOBILE,RBL Bank Credit Card Movie Offer,30-11-2024 23:59,https://in.bmscdn.com/offers/tnclogo/rbl0614.jpg?05112024121218,https://in.bookmyshow.com/offers/rbl-bank-credit-card-movie-offer/RBL0614,RBL Bank Titanium Delight
Get exciting offers on movies with RBL Bank Credit cardAvailable ForWEBMOBILE,RBL Bank Credit Card Movie Offer,30-11-2024 23:59,https://in.bmscdn.com/offers/tnclogo/rbl0614.jpg?05112024121218,https://in.bookmyshow.com/offers/rbl-bank-credit-card-movie-offer/RBL0614,RBL Bank MoneyTap
Get exciting offers on movies with RBL Bank Credit cardAvailable ForWEBMOBILE,RBL Bank Credit Card Movie Offer,30-11-2024 23:59,https://in.bmscdn.com/offers/tnclogo/rbl0614.jpg?05112024121218,https://in.bookmyshow.com/offers/rbl-bank-credit-card-movie-offer/RBL0614,RBL Bank Icon
Get exciting offers on movies with RBL Bank Credit cardAvailable ForWEBMOBILE,RBL Bank Credit Card Movie Offer,30-11-2024 23:59,https://in.bmscdn.com/offers/tnclogo/rbl0614.jpg?05112024121218,https://in.bookmyshow.com/offers/rbl-bank-credit-card-movie-offer/RBL0614,RBL ET Money LoanPass
Get exciting offers on movies with RBL Bank Credit cardAvailable ForWEBMOBILE,RBL Bank Credit Card Movie Offer,30-11-2024 23:59,https://in.bmscdn.com/offers/tnclogo/rbl0614.jpg?05112024121218,https://in.bookmyshow.com/offers/rbl-bank-credit-card-movie-offer/RBL0614,RBL vCards
Get exciting offers on movies with RBL Bank Credit cardAvailable ForWEBMOBILE,RBL Bank Credit Card Movie Offer,30-11-2024 23:59,https://in.bmscdn.com/offers/tnclogo/rbl0614.jpg?05112024121218,https://in.bookmyshow.com/offers/rbl-bank-credit-card-movie-offer/RBL0614,RBL Payed Cards
Get exciting offers on movies with RBL Bank Credit cardAvailable ForWEBMOBILE,RBL Bank Credit Card Movie Offer,30-11-2024 23:59,https://in.bmscdn.com/offers/tnclogo/rbl0614.jpg?05112024121218,https://in.bookmyshow.com/offers/rbl-bank-credit-card-movie-offer/RBL0614,RBLBank Platinum ShopSmart SuperCard
Get 10X Reward points with SimplyCLICK SBI CardAvailable ForWEBMOBILE,SimplyCLICK SBI Card Rewards Offer,31-12-2024 23:59,https://in.bmscdn.com/offers/tnclogo/sbisimclik.jpg?20112023154147,https://in.bookmyshow.com/offers/simplyclick-sbi-card-rewards-offer/SBISIMCLIK,SimplyClick SBI Card
